,date,rates
AED,2022-06-01,3.912754
AFN,2022-06-01,95.338301
ALL,2022-06-01,120.425986
AMD,2022-06-01,474.716208
ANG,2022-06-01,1.919521
AOA,2022-06-01,451.796275
ARS,2022-06-01,128.140362
AUD,2022-06-01,1.485028
AWG,2022-06-01,1.917976
AZN,2022-06-01,1.810665
BAM,2022-06-01,1.9435989999999999
BBD,2022-06-01,2.150468
BDT,2022-06-01,94.870497
BGN,2022-06-01,1.957176
BHD,2022-06-01,0.401584
BIF,2022-06-01,2159.254853
BMD,2022-06-01,1.065247
BND,2022-06-01,1.461602
BOB,2022-06-01,7.332955
BRL,2022-06-01,5.131325
BSD,2022-06-01,1.065098
BTC,2022-06-01,3.5753211000000005e-05
BTN,2022-06-01,82.570499
BWP,2022-06-01,12.778289000000001
BYN,2022-06-01,3.597362
BYR,2022-06-01,20878.833311
BZD,2022-06-01,2.14689
CAD,2022-06-01,1.349327
CDF,2022-06-01,2135.818945
CHF,2022-06-01,1.026155
CLF,2022-06-01,0.031796
CLP,2022-06-01,877.347715
CNY,2022-06-01,7.122448
COP,2022-06-01,4112.032958
CRC,2022-06-01,727.213776
CUC,2022-06-01,1.065247
CUP,2022-06-01,28.229035
CVE,2022-06-01,110.839317
CZK,2022-06-01,24.736124
DJF,2022-06-01,189.31569
DKK,2022-06-01,7.440119
DOP,2022-06-01,58.74839
DZD,2022-06-01,154.569564
EGP,2022-06-01,19.846925
ERN,2022-06-01,15.9787
ETB,2022-06-01,54.945269
EUR,2022-06-01,1.0
FJD,2022-06-01,2.290924
FKP,2022-06-01,0.8717239999999999
GBP,2022-06-01,0.8533900000000001
GEL,2022-06-01,3.201119
GGP,2022-06-01,0.8717239999999999
GHS,2022-06-01,8.306401
GIP,2022-06-01,0.8717239999999999
GMD,2022-06-01,57.682843
GNF,2022-06-01,9419.444912
GTQ,2022-06-01,8.184993
GYD,2022-06-01,222.827785
HKD,2022-06-01,8.359709
HNL,2022-06-01,26.152016
HRK,2022-06-01,7.534809
HTG,2022-06-01,119.287346
HUF,2022-06-01,396.666953
IDR,2022-06-01,15505.19685
ILS,2022-06-01,3.560651
IMP,2022-06-01,0.8717239999999999
INR,2022-06-01,82.646464
IQD,2022-06-01,1555.792656
IRR,2022-06-01,45166.455494
ISK,2022-06-01,136.926771
JEP,2022-06-01,0.8717239999999999
JMD,2022-06-01,163.870791
JOD,2022-06-01,0.7565419999999999
JPY,2022-06-01,138.61524
KES,2022-06-01,124.474291
KGS,2022-06-01,84.737918
KHR,2022-06-01,4327.56621
KMF,2022-06-01,492.19716
KPW,2022-06-01,958.722175
KRW,2022-06-01,1328.678477
KWD,2022-06-01,0.32623199999999997
KYD,2022-06-01,0.887614
KZT,2022-06-01,459.309648
LAK,2022-06-01,14535.289632
LBP,2022-06-01,1614.994842
LKR,2022-06-01,382.890242
LRD,2022-06-01,161.917805
LSL,2022-06-01,16.575686
LTL,2022-06-01,3.145396
LVL,2022-06-01,0.644357
LYD,2022-06-01,5.075884
MAD,2022-06-01,10.521972
MDL,2022-06-01,20.24689
MGA,2022-06-01,4253.529407
MKD,2022-06-01,61.6122
MMK,2022-06-01,1971.963692
MNT,2022-06-01,3276.454378
MOP,2022-06-01,8.607076
MRO,2022-06-01,380.292852
MUR,2022-06-01,46.228116
MVR,2022-06-01,16.452784
MWK,2022-06-01,1084.953419
MXN,2022-06-01,21.002775
MYR,2022-06-01,4.669004
MZN,2022-06-01,67.994965
NAD,2022-06-01,16.575613
NGN,2022-06-01,442.237214
NIO,2022-06-01,38.162471
NOK,2022-06-01,10.102481
NPR,2022-06-01,132.112639
NZD,2022-06-01,1.6439409999999999
OMR,2022-06-01,0.41013299999999997
PAB,2022-06-01,1.065098
PEN,2022-06-01,3.971254
PGK,2022-06-01,3.749413
PHP,2022-06-01,56.11187
PKR,2022-06-01,210.652537
PLN,2022-06-01,4.587698
PYG,2022-06-01,7334.463593
QAR,2022-06-01,3.878558
RON,2022-06-01,4.94019
RSD,2022-06-01,117.406174
RUB,2022-06-01,67.646454
RWF,2022-06-01,1094.008256
SAR,2022-06-01,3.994566
SBD,2022-06-01,8.646625
SCR,2022-06-01,14.465411
SDG,2022-06-01,484.687345
SEK,2022-06-01,10.48975
SGD,2022-06-01,1.464823
SHP,2022-06-01,1.467274
SLL,2022-06-01,13912.120154
SOS,2022-06-01,621.039068
SRD,2022-06-01,22.499604
STD,2022-06-01,22048.453844
SVC,2022-06-01,9.319355
SYP,2022-06-01,2676.379365
SZL,2022-06-01,16.574999
THB,2022-06-01,36.623713
TJS,2022-06-01,12.115062
TMT,2022-06-01,3.728363
TND,2022-06-01,3.234627
TOP,2022-06-01,2.454275
TRY,2022-06-01,17.521921
TTD,2022-06-01,7.222947
TWD,2022-06-01,31.044801
TZS,2022-06-01,2480.959802
UAH,2022-06-01,31.444625
UGX,2022-06-01,4047.23151
USD,2022-06-01,1.065247
UYU,2022-06-01,42.492808
UZS,2022-06-01,11707.060016
VEF,2022-06-01,227781916787.4661
VND,2022-06-01,24714.786309
VUV,2022-06-01,121.721109
WST,2022-06-01,2.747636
XAF,2022-06-01,651.854995
XAG,2022-06-01,0.048881999999999995
XAU,2022-06-01,0.0005769999999999999
XCD,2022-06-01,2.878882
XDR,2022-06-01,0.7890159999999999
XOF,2022-06-01,651.396973
XPF,2022-06-01,119.759664
YER,2022-06-01,266.578172
ZAR,2022-06-01,16.626684
ZMK,2022-06-01,9588.496664
ZMW,2022-06-01,18.398919
ZWL,2022-06-01,343.00897
AED,2022-05-01,3.869741
AFN,2022-05-01,90.606329
ALL,2022-05-01,120.896671
AMD,2022-05-01,477.538301
ANG,2022-05-01,1.898725
AOA,2022-05-01,427.343493
ARS,2022-05-01,121.570043
AUD,2022-05-01,1.491234
AWG,2022-05-01,1.89694
AZN,2022-05-01,1.793321
BAM,2022-05-01,1.950411
BBD,2022-05-01,2.12719
BDT,2022-05-01,91.305715
BGN,2022-05-01,1.951253
BHD,2022-05-01,0.39707699999999996
BIF,2022-05-01,2125.036104
BMD,2022-05-01,1.053563
BND,2022-05-01,1.453561
BOB,2022-05-01,7.253646
BRL,2022-05-01,5.239156
BSD,2022-05-01,1.053573
BTC,2022-05-01,2.7400175e-05
BTN,2022-05-01,80.497545
BWP,2022-05-01,12.754961
BYN,2022-05-01,3.5468450000000002
BYR,2022-05-01,20649.830261
BZD,2022-05-01,2.1236
CAD,2022-05-01,1.354408
CDF,2022-05-01,2120.821652
CHF,2022-05-01,1.026418
CLF,2022-05-01,0.032551
CLP,2022-05-01,898.172948
CNY,2022-05-01,6.962471
COP,2022-05-01,4170.001437
CRC,2022-05-01,697.143049
CUC,2022-05-01,1.053563
CUP,2022-05-01,27.919413
CVE,2022-05-01,110.360726
CZK,2022-05-01,24.590784
DJF,2022-05-01,187.238932
DKK,2022-05-01,7.4384689999999996
DOP,2022-05-01,57.998661
DZD,2022-05-01,152.471941
EGP,2022-05-01,19.487331
ERN,2022-05-01,15.803444
ETB,2022-05-01,54.126782
EUR,2022-05-01,1.0
FJD,2022-05-01,2.264798
FKP,2022-05-01,0.809813
GBP,2022-05-01,0.837951
GEL,2022-05-01,3.208096
GGP,2022-05-01,0.809813
GHS,2022-05-01,7.953948
GIP,2022-05-01,0.809813
GMD,2022-05-01,56.993023
GNF,2022-05-01,9266.084371
GTQ,2022-05-01,8.070178
GYD,2022-05-01,220.457478
HKD,2022-05-01,8.267571
HNL,2022-05-01,25.828091
HRK,2022-05-01,7.557735
HTG,2022-05-01,114.836936
HUF,2022-05-01,378.15265
IDR,2022-05-01,15273.499454
ILS,2022-05-01,3.520401
IMP,2022-05-01,0.809813
INR,2022-05-01,80.622153
IQD,2022-05-01,1538.201642
IRR,2022-05-01,44513.027005
ISK,2022-05-01,137.795498
JEP,2022-05-01,0.809813
JMD,2022-05-01,162.994135
JOD,2022-05-01,0.7472949999999999
JPY,2022-05-01,136.978434
KES,2022-05-01,121.997846
KGS,2022-05-01,86.498975
KHR,2022-05-01,4264.8221
KMF,2022-05-01,490.6967
KPW,2022-05-01,948.206617
KRW,2022-05-01,1331.208243
KWD,2022-05-01,0.323129
KYD,2022-05-01,0.877961
KZT,2022-05-01,468.672284
LAK,2022-05-01,13051.004517
LBP,2022-05-01,1594.533005
LKR,2022-05-01,368.741883
LRD,2022-05-01,159.616499
LSL,2022-05-01,16.730355
LTL,2022-05-01,3.110897
LVL,2022-05-01,0.637289
LYD,2022-05-01,5.041281
MAD,2022-05-01,10.509306
MDL,2022-05-01,19.60822
MGA,2022-05-01,4214.250673
MKD,2022-05-01,61.573667
MMK,2022-05-01,1950.643808
MNT,2022-05-01,3155.276362
MOP,2022-05-01,8.515740000000001
MRO,2022-05-01,376.121727
MUR,2022-05-01,45.627822
MVR,2022-05-01,16.277393
MWK,2022-05-01,857.094341
MXN,2022-05-01,21.51756
MYR,2022-05-01,4.586685
MZN,2022-05-01,67.248894
NAD,2022-05-01,16.730635
NGN,2022-05-01,437.502368
NIO,2022-05-01,37.680706
NOK,2022-05-01,9.89397
NPR,2022-05-01,128.796151
NZD,2022-05-01,1.632053
OMR,2022-05-01,0.40555
PAB,2022-05-01,1.053573
PEN,2022-05-01,4.04305
PGK,2022-05-01,3.678936
PHP,2022-05-01,55.143577
PKR,2022-05-01,195.650017
PLN,2022-05-01,4.679136
PYG,2022-05-01,7208.372171
QAR,2022-05-01,3.836001
RON,2022-05-01,4.94258
RSD,2022-05-01,117.479413
RUB,2022-05-01,77.278302
RWF,2022-05-01,1078.848275
SAR,2022-05-01,3.952123
SBD,2022-05-01,8.465786
SCR,2022-05-01,14.174467
SDG,2022-05-01,471.467758
SEK,2022-05-01,10.349888
SGD,2022-05-01,1.457883
SHP,2022-05-01,1.451176
SLL,2022-05-01,14852.603204
SOS,2022-05-01,610.013114
SRD,2022-05-01,21.936198
STD,2022-05-01,21806.622172
SVC,2022-05-01,9.218388
SYP,2022-05-01,2647.023242
SZL,2022-05-01,16.593758
THB,2022-05-01,36.085052
TJS,2022-05-01,13.122066
TMT,2022-05-01,3.6874700000000002
TND,2022-05-01,3.215999
TOP,2022-05-01,2.436367
TRY,2022-05-01,15.65584
TTD,2022-05-01,7.159508
TWD,2022-05-01,31.026353
TZS,2022-05-01,2449.533568
UAH,2022-05-01,31.869852
UGX,2022-05-01,3745.393753
USD,2022-05-01,1.053563
UYU,2022-05-01,43.67964
UZS,2022-05-01,11773.564277
VEF,2022-05-01,225283561020.1334
VND,2022-05-01,24193.488633
VUV,2022-05-01,118.611836
WST,2022-05-01,2.723925
XAF,2022-05-01,654.139531
XAG,2022-05-01,0.046221
XAU,2022-05-01,0.0005549999999999999
XCD,2022-05-01,2.847306
XDR,2022-05-01,0.786315
XOF,2022-05-01,653.737429
XPF,2022-05-01,119.395015
YER,2022-05-01,263.704313
ZAR,2022-05-01,16.655878
ZMK,2022-05-01,9483.329389
ZMW,2022-05-01,17.936665
ZWL,2022-05-01,339.246782
AED,2022-04-01,4.058143
AFN,2022-04-01,97.226792
ALL,2022-04-01,121.09545
AMD,2022-04-01,535.607341
ANG,2022-04-01,1.992518
AOA,2022-04-01,491.185532
ARS,2022-04-01,122.862632
AUD,2022-04-01,1.4731269999999999
AWG,2022-04-01,1.988722
AZN,2022-04-01,1.882623
BAM,2022-04-01,1.953868
BBD,2022-04-01,2.232287
BDT,2022-04-01,95.329031
BGN,2022-04-01,1.9561229999999998
BHD,2022-04-01,0.41694699999999996
BIF,2022-04-01,2221.843861
BMD,2022-04-01,1.104845
BND,2022-04-01,1.498986
BOB,2022-04-01,7.6119129999999995
BRL,2022-04-01,5.14735
BSD,2022-04-01,1.105555
BTC,2022-04-01,2.3871624e-05
BTN,2022-04-01,83.976793
BWP,2022-04-01,12.686056
BYN,2022-04-01,3.600983
BYR,2022-04-01,21654.967516
BZD,2022-04-01,2.228491
CAD,2022-04-01,1.3831600000000002
CDF,2022-04-01,2220.739415
CHF,2022-04-01,1.022701
CLF,2022-04-01,0.031352
CLP,2022-04-01,865.094254
CNY,2022-04-01,7.030246
COP,2022-04-01,4147.997979
CRC,2022-04-01,724.579271
CUC,2022-04-01,1.104845
CUP,2022-04-01,29.2784
CVE,2022-04-01,110.761175
CZK,2022-04-01,24.36571
DJF,2022-04-01,196.353538
DKK,2022-04-01,7.436758
DOP,2022-04-01,60.789022
DZD,2022-04-01,158.313952
EGP,2022-04-01,20.211292
ERN,2022-04-01,16.572685
ETB,2022-04-01,56.358591
EUR,2022-04-01,1.0
FJD,2022-04-01,2.325744
FKP,2022-04-01,0.847371
GBP,2022-04-01,0.842499
GEL,2022-04-01,3.419541
GGP,2022-04-01,0.847371
GHS,2022-04-01,8.314005
GIP,2022-04-01,0.847371
GMD,2022-04-01,59.555418
GNF,2022-04-01,9811.026492
GTQ,2022-04-01,8.496474
GYD,2022-04-01,231.300352
HKD,2022-04-01,8.655054
HNL,2022-04-01,26.925508999999998
HRK,2022-04-01,7.562339
HTG,2022-04-01,117.74128
HUF,2022-04-01,367.414646
IDR,2022-04-01,15878.22872
ILS,2022-04-01,3.538858
IMP,2022-04-01,0.847371
INR,2022-04-01,83.916981
IQD,2022-04-01,1613.074111
IRR,2022-04-01,46790.198058
ISK,2022-04-01,142.094578
JEP,2022-04-01,0.847371
JMD,2022-04-01,169.491392
JOD,2022-04-01,0.7833789999999999
JPY,2022-04-01,135.351325
KES,2022-04-01,127.171894
KGS,2022-04-01,90.067544
KHR,2022-04-01,4475.728622
KMF,2022-04-01,492.706178
KPW,2022-04-01,994.36114
KRW,2022-04-01,1347.657553
KWD,2022-04-01,0.33615
KYD,2022-04-01,0.921345
KZT,2022-04-01,525.791889
LAK,2022-04-01,12987.456669
LBP,2022-04-01,1672.736142
LKR,2022-04-01,328.856176
LRD,2022-04-01,168.655054
LSL,2022-04-01,16.208502
LTL,2022-04-01,3.262321
LVL,2022-04-01,0.6683100000000001
LYD,2022-04-01,5.126903
MAD,2022-04-01,10.744072
MDL,2022-04-01,20.254956
MGA,2022-04-01,4402.80883
MKD,2022-04-01,61.553175
MMK,2022-04-01,1965.877582
MNT,2022-04-01,3180.598534
MOP,2022-04-01,8.923155
MRO,2022-04-01,394.429575
MUR,2022-04-01,49.365598
MVR,2022-04-01,17.081326
MWK,2022-04-01,903.215148
MXN,2022-04-01,21.941679
MYR,2022-04-01,4.651955
MZN,2022-04-01,70.522691
NAD,2022-04-01,16.208497
NGN,2022-04-01,459.306697
NIO,2022-04-01,39.454441
NOK,2022-04-01,9.622656
NPR,2022-04-01,134.362788
NZD,2022-04-01,1.5941239999999999
OMR,2022-04-01,0.42581399999999997
PAB,2022-04-01,1.105555
PEN,2022-04-01,4.113382
PGK,2022-04-01,3.88947
PHP,2022-04-01,56.933092
PKR,2022-04-01,203.126219
PLN,2022-04-01,4.63866
PYG,2022-04-01,7657.796527
QAR,2022-04-01,4.022784
RON,2022-04-01,4.948054
RSD,2022-04-01,117.89951
RUB,2022-04-01,94.740895
RWF,2022-04-01,1123.627651
SAR,2022-04-01,4.144232
SBD,2022-04-01,8.863616
SCR,2022-04-01,15.94026
SDG,2022-04-01,494.422327
SEK,2022-04-01,10.360814
SGD,2022-04-01,1.499058
SHP,2022-04-01,1.5218180000000001
SLL,2022-04-01,13142.134997
SOS,2022-04-01,645.230018
SRD,2022-04-01,22.899065
STD,2022-04-01,22868.066652
SVC,2022-04-01,9.673977
SYP,2022-04-01,2775.37172
SZL,2022-04-01,16.208489
THB,2022-04-01,37.026722
TJS,2022-04-01,14.339897
TMT,2022-04-01,3.866958
TND,2022-04-01,3.244972
TOP,2022-04-01,2.487062
TRY,2022-04-01,16.226314
TTD,2022-04-01,7.509919
TWD,2022-04-01,31.688845
TZS,2022-04-01,2564.346269
UAH,2022-04-01,32.505251
UGX,2022-04-01,3952.629936
USD,2022-04-01,1.104845
UYU,2022-04-01,45.311643
UZS,2022-04-01,12595.236578
VEF,2022-04-01,236249312177.02832
VND,2022-04-01,25233.561383
VUV,2022-04-01,126.081191
WST,2022-04-01,2.896955
XAF,2022-04-01,655.245488
XAG,2022-04-01,0.044854
XAU,2022-04-01,0.000574
XCD,2022-04-01,2.9859
XDR,2022-04-01,0.799632
XOF,2022-04-01,651.310273
XPF,2022-04-01,119.87969
YER,2022-04-01,276.487934
ZAR,2022-04-01,16.118213
ZMK,2022-04-01,9944.937317
ZMW,2022-04-01,19.818194
ZWL,2022-04-01,355.75973
AED,2022-03-01,4.089166
AFN,2022-03-01,102.153365
ALL,2022-03-01,121.057134
AMD,2022-03-01,539.782814
ANG,2022-03-01,2.005723
AOA,2022-03-01,552.821732
ARS,2022-03-01,119.565559
AUD,2022-03-01,1.53386
AWG,2022-03-01,2.004174
AZN,2022-03-01,1.892388
BAM,2022-03-01,1.9477129999999998
BBD,2022-03-01,2.247135
BDT,2022-03-01,95.683486
BGN,2022-03-01,1.956098
BHD,2022-03-01,0.41978099999999996
BIF,2022-03-01,2225.037306
BMD,2022-03-01,1.113276
BND,2022-03-01,1.5095290000000001
BOB,2022-03-01,7.651345
BRL,2022-03-01,5.745505
BSD,2022-03-01,1.112962
BTC,2022-03-01,2.5067251e-05
BTN,2022-03-01,84.250592
BWP,2022-03-01,12.963617
BYN,2022-03-01,3.323295
BYR,2022-03-01,21820.199848
BZD,2022-03-01,2.243361
CAD,2022-03-01,1.417239
CDF,2022-03-01,2242.695221
CHF,2022-03-01,1.022653
CLF,2022-03-01,0.032547
CLP,2022-03-01,898.06787
CNY,2022-03-01,7.027552
COP,2022-03-01,4322.481395
CRC,2022-03-01,714.701532
CUC,2022-03-01,1.113276
CUP,2022-03-01,29.501801
CVE,2022-03-01,109.807877
CZK,2022-03-01,25.410066
DJF,2022-03-01,197.851683
DKK,2022-03-01,7.439682
DOP,2022-03-01,60.620822
DZD,2022-03-01,157.822367
EGP,2022-03-01,17.486443
ERN,2022-03-01,16.699154
ETB,2022-03-01,57.057473
EUR,2022-03-01,1.0
FJD,2022-03-01,2.367269
FKP,2022-03-01,0.810376
GBP,2022-03-01,0.835035
GEL,2022-03-01,3.529273
GGP,2022-03-01,0.810375
GHS,2022-03-01,7.592991
GIP,2022-03-01,0.810375
GMD,2022-03-01,59.059347
GNF,2022-03-01,9988.617997
GTQ,2022-03-01,8.591717
GYD,2022-03-01,232.759989
HKD,2022-03-01,8.701144
HNL,2022-03-01,27.404547
HRK,2022-03-01,7.571719
HTG,2022-03-01,116.452646
HUF,2022-03-01,376.927254
IDR,2022-03-01,16064.008863
ILS,2022-03-01,3.587631
IMP,2022-03-01,0.810375
INR,2022-03-01,84.390347
IQD,2022-03-01,1624.306227
IRR,2022-03-01,47063.721675
ISK,2022-03-01,142.232208
JEP,2022-03-01,0.810376
JMD,2022-03-01,172.502558
JOD,2022-03-01,0.789281
JPY,2022-03-01,127.838543
KES,2022-03-01,126.702153
KGS,2022-03-01,105.70951
KHR,2022-03-01,4525.101311
KMF,2022-03-01,488.672136
KPW,2022-03-01,1001.948127
KRW,2022-03-01,1341.914416
KWD,2022-03-01,0.337267
KYD,2022-03-01,0.927427
KZT,2022-03-01,544.911567
LAK,2022-03-01,12745.882429
LBP,2022-03-01,1682.77205
LKR,2022-03-01,224.556377
LRD,2022-03-01,171.722852
LSL,2022-03-01,17.012527
LTL,2022-03-01,3.287213
LVL,2022-03-01,0.6734089999999999
LYD,2022-03-01,5.136594
MAD,2022-03-01,10.635079
MDL,2022-03-01,20.478234
MGA,2022-03-01,4440.613997
MKD,2022-03-01,61.693719
MMK,2022-03-01,1978.94252
MNT,2022-03-01,3182.666701
MOP,2022-03-01,8.96
MRO,2022-03-01,397.439163
MUR,2022-03-01,48.430468
MVR,2022-03-01,17.199632
MWK,2022-03-01,903.704932
MXN,2022-03-01,22.988359
MYR,2022-03-01,4.667914
MZN,2022-03-01,71.060193
NAD,2022-03-01,17.138417
NGN,2022-03-01,463.22263
NIO,2022-03-01,39.793165
NOK,2022-03-01,9.891848
NPR,2022-03-01,134.80002
NZD,2022-03-01,1.645872
OMR,2022-03-01,0.42861499999999997
PAB,2022-03-01,1.112962
PEN,2022-03-01,4.2142
PGK,2022-03-01,3.907732
PHP,2022-03-01,57.283581
PKR,2022-03-01,197.768016
PLN,2022-03-01,4.740728
PYG,2022-03-01,7783.791677
QAR,2022-03-01,4.053467
RON,2022-03-01,4.949959
RSD,2022-03-01,117.69354
RUB,2022-03-01,120.806538
RWF,2022-03-01,1128.427087
SAR,2022-03-01,4.176201
SBD,2022-03-01,8.996202
SCR,2022-03-01,16.030919
SDG,2022-03-01,495.407731
SEK,2022-03-01,10.728926
SGD,2022-03-01,1.51149
SHP,2022-03-01,1.5334249999999998
SLL,2022-03-01,13030.889596
SOS,2022-03-01,650.1525
SRD,2022-03-01,22.779873
STD,2022-03-01,23042.555207
SVC,2022-03-01,9.738459
SYP,2022-03-01,2796.547812
SZL,2022-03-01,17.141962
THB,2022-03-01,36.426466
TJS,2022-03-01,12.559516
TMT,2022-03-01,3.896464
TND,2022-03-01,3.241299
TOP,2022-03-01,2.539215
TRY,2022-03-01,15.49145
TTD,2022-03-01,7.548542
TWD,2022-03-01,31.236616
TZS,2022-03-01,2577.232824
UAH,2022-03-01,33.444075
UGX,2022-03-01,3928.645291
USD,2022-03-01,1.113276
UYU,2022-03-01,47.355225
UZS,2022-03-01,12101.17315
VEF,2022-03-01,238051948216.95007
VND,2022-03-01,25402.163778
VUV,2022-03-01,126.547601
WST,2022-03-01,2.908257
XAF,2022-03-01,653.237612
XAG,2022-03-01,0.049437999999999996
XAU,2022-03-01,0.000616
XCD,2022-03-01,3.008682
XDR,2022-03-01,0.797854
XOF,2022-03-01,653.237612
XPF,2022-03-01,118.758686
YER,2022-03-01,278.597266
ZAR,2022-03-01,17.156967
ZMK,2022-03-01,10020.809906
ZMW,2022-03-01,19.815808
ZWL,2022-03-01,358.474258
AED,2022-02-01,4.140576
AFN,2022-02-01,112.41698
ALL,2022-02-01,121.576036
AMD,2022-02-01,544.535955
ANG,2022-02-01,2.031917
AOA,2022-02-01,593.469347
ARS,2022-02-01,118.487235
AUD,2022-02-01,1.580326
AWG,2022-02-01,2.02965
AZN,2022-02-01,1.917885
BAM,2022-02-01,1.955995
BBD,2022-02-01,2.276443
BDT,2022-02-01,96.93083
BGN,2022-02-01,1.958126
BHD,2022-02-01,0.425047
BIF,2022-02-01,2272.576588
BMD,2022-02-01,1.12727
BND,2022-02-01,1.521162
BOB,2022-02-01,7.762327
BRL,2022-02-01,5.936425
BSD,2022-02-01,1.12742
BTC,2022-02-01,2.9110404000000003e-05
BTN,2022-02-01,84.279382
BWP,2022-02-01,13.018887
BYN,2022-02-01,2.918246
BYR,2022-02-01,22094.494608
BZD,2022-02-01,2.272542
CAD,2022-02-01,1.4304489999999999
CDF,2022-02-01,2269.756845
CHF,2022-02-01,1.038339
CLF,2022-02-01,0.032797
CLP,2022-02-01,905.04797
CNY,2022-02-01,7.17059
COP,2022-02-01,4423.227639
CRC,2022-02-01,723.27708
CUC,2022-02-01,1.12727
CUP,2022-02-01,29.872659
CVE,2022-02-01,110.895181
CZK,2022-02-01,24.276912
DJF,2022-02-01,200.338762
DKK,2022-02-01,7.440323
DOP,2022-02-01,64.987033
DZD,2022-02-01,157.829407
EGP,2022-02-01,17.708296
ERN,2022-02-01,16.909074
ETB,2022-02-01,56.248301
EUR,2022-02-01,1.0
FJD,2022-02-01,2.417036
FKP,2022-02-01,0.820562
GBP,2022-02-01,0.8335429999999999
GEL,2022-02-01,3.427186
GGP,2022-02-01,0.820562
GHS,2022-02-01,7.08488
GIP,2022-02-01,0.820562
GMD,2022-02-01,59.801539
GNF,2022-02-01,10167.976677
GTQ,2022-02-01,8.667124
GYD,2022-02-01,235.875137
HKD,2022-02-01,8.786276
HNL,2022-02-01,27.702622
HRK,2022-02-01,7.530274
HTG,2022-02-01,114.505203
HUF,2022-02-01,355.575267
IDR,2022-02-01,16151.864647
ILS,2022-02-01,3.573908
IMP,2022-02-01,0.820562
INR,2022-02-01,84.258088
IQD,2022-02-01,1646.941664
IRR,2022-02-01,47655.344239
ISK,2022-02-01,143.603141
JEP,2022-02-01,0.8205629999999999
JMD,2022-02-01,175.856741
JOD,2022-02-01,0.7993049999999999
JPY,2022-02-01,129.342413
KES,2022-02-01,128.057315
KGS,2022-02-01,95.58845
KHR,2022-02-01,4582.353145
KMF,2022-02-01,493.687827
KPW,2022-02-01,1014.543297
KRW,2022-02-01,1355.598914
KWD,2022-02-01,0.34105599999999997
KYD,2022-02-01,0.9395
KZT,2022-02-01,489.411303
LAK,2022-02-01,12788.879822
LBP,2022-02-01,1705.008279
LKR,2022-02-01,228.30463
LRD,2022-02-01,172.078062
LSL,2022-02-01,17.224977
LTL,2022-02-01,3.328536
LVL,2022-02-01,0.681874
LYD,2022-02-01,5.191037
MAD,2022-02-01,10.611839
MDL,2022-02-01,20.315815
MGA,2022-02-01,4514.716601
MKD,2022-02-01,61.631101
MMK,2022-02-01,2004.571027
MNT,2022-02-01,3222.674987
MOP,2022-02-01,9.052765
MRO,2022-02-01,402.435244
MUR,2022-02-01,49.267044
MVR,2022-02-01,17.416244
MWK,2022-02-01,921.545978
MXN,2022-02-01,23.163344
MYR,2022-02-01,4.718188
MZN,2022-02-01,71.953593
NAD,2022-02-01,17.225164
NGN,2022-02-01,467.546585
NIO,2022-02-01,39.962138
NOK,2022-02-01,9.958051
NPR,2022-02-01,134.847371
NZD,2022-02-01,1.698706
OMR,2022-02-01,0.434008
PAB,2022-02-01,1.12742
PEN,2022-02-01,4.378327
PGK,2022-02-01,3.9623559999999998
PHP,2022-02-01,57.671518
PKR,2022-02-01,198.907074
PLN,2022-02-01,4.5705729999999996
PYG,2022-02-01,7979.150337
QAR,2022-02-01,4.104389
RON,2022-02-01,4.946349
RSD,2022-02-01,117.57467
RUB,2022-02-01,86.491606
RWF,2022-02-01,1145.306455
SAR,2022-02-01,4.229045
SBD,2022-02-01,9.138831
SCR,2022-02-01,16.402293
SDG,2022-02-01,497.126091
SEK,2022-02-01,10.432220000000001
SGD,2022-02-01,1.520124
SHP,2022-02-01,1.5527039999999999
SLL,2022-02-01,12907.242835
SOS,2022-02-01,659.452716
SRD,2022-02-01,23.53684
STD,2022-02-01,23332.215805
SVC,2022-02-01,9.865051
SYP,2022-02-01,2831.702321
SZL,2022-02-01,17.22456
THB,2022-02-01,37.412402
TJS,2022-02-01,12.734075
TMT,2022-02-01,4.249808
TND,2022-02-01,3.248794
TOP,2022-02-01,2.556593
TRY,2022-02-01,15.079377
TTD,2022-02-01,7.640414
TWD,2022-02-01,31.290426
TZS,2022-02-01,2606.248642
UAH,2022-02-01,32.007101
UGX,2022-02-01,3942.620165
USD,2022-02-01,1.12727
UYU,2022-02-01,49.533279
UZS,2022-02-01,12191.426633
VEF,2022-02-01,241044423185.7503
VND,2022-02-01,25532.668514
VUV,2022-02-01,128.13839
WST,2022-02-01,2.944816
XAF,2022-02-01,656.026913
XAG,2022-02-01,0.049821
XAU,2022-02-01,0.0006259999999999999
XCD,2022-02-01,3.046504
XDR,2022-02-01,0.810086
XOF,2022-02-01,657.759904
XPF,2022-02-01,120.05491
YER,2022-02-01,282.099507
ZAR,2022-02-01,17.213869
ZMK,2022-02-01,10146.788909
ZMW,2022-02-01,20.406475
ZWL,2022-02-01,362.980523
AED,2022-01-01,4.176782
AFN,2022-01-01,117.979297
ALL,2022-01-01,121.277018
AMD,2022-01-01,546.096265
ANG,2022-01-01,2.049808
AOA,2022-01-01,626.101357
ARS,2022-01-01,116.773434
AUD,2022-01-01,1.564485
AWG,2022-01-01,2.046862
AZN,2022-01-01,1.937662
BAM,2022-01-01,1.965137
BBD,2022-01-01,2.296476
BDT,2022-01-01,97.495932
BGN,2022-01-01,1.9539689999999998
BHD,2022-01-01,0.428655
BIF,2022-01-01,2278.270857
BMD,2022-01-01,1.137145
BND,2022-01-01,1.535298
BOB,2022-01-01,7.842413
BRL,2022-01-01,6.335383
BSD,2022-01-01,1.137387
BTC,2022-01-01,2.380531e-05
BTN,2022-01-01,84.571125
BWP,2022-01-01,13.373034
BYN,2022-01-01,2.908273
BYR,2022-01-01,22288.050307
BZD,2022-01-01,2.292658
CAD,2022-01-01,1.437255
CDF,2022-01-01,2277.138169
CHF,2022-01-01,1.03674
CLF,2022-01-01,0.035112
CLP,2022-01-01,968.848312
CNY,2022-01-01,7.227587
COP,2022-01-01,4622.871406
CRC,2022-01-01,730.147918
CUC,2022-01-01,1.137145
CUP,2022-01-01,30.134354
CVE,2022-01-01,110.587841
CZK,2022-01-01,24.871929
DJF,2022-01-01,202.093932
DKK,2022-01-01,7.435897
DOP,2022-01-01,65.243765
DZD,2022-01-01,157.842186
EGP,2022-01-01,17.864285
ERN,2022-01-01,17.05727
ETB,2022-01-01,55.891143
EUR,2022-01-01,1.0
FJD,2022-01-01,2.41587
FKP,2022-01-01,0.8578389999999999
GBP,2022-01-01,0.8403689999999999
GEL,2022-01-01,3.519511
GGP,2022-01-01,0.8578389999999999
GHS,2022-01-01,6.993888
GIP,2022-01-01,0.8578389999999999
GMD,2022-01-01,59.984864
GNF,2022-01-01,10603.881482
GTQ,2022-01-01,8.77767
GYD,2022-01-01,237.84642
HKD,2022-01-01,8.865304
HNL,2022-01-01,27.750716
HRK,2022-01-01,7.516973
HTG,2022-01-01,114.046113
HUF,2022-01-01,369.242932
IDR,2022-01-01,16195.225126
ILS,2022-01-01,3.53953
IMP,2022-01-01,0.8578389999999999
INR,2022-01-01,84.733311
IQD,2022-01-01,1660.232319
IRR,2022-01-01,48072.823194
ISK,2022-01-01,147.590544
JEP,2022-01-01,0.8578389999999999
JMD,2022-01-01,175.116336
JOD,2022-01-01,0.806468
JPY,2022-01-01,130.89458
KES,2022-01-01,128.668442
KGS,2022-01-01,96.434255
KHR,2022-01-01,4628.182274
KMF,2022-01-01,494.516161
KPW,2022-01-01,1023.430793
KRW,2022-01-01,1351.929888
KWD,2022-01-01,0.34401000000000004
KYD,2022-01-01,0.947789
KZT,2022-01-01,494.763156
LAK,2022-01-01,12718.971963
LBP,2022-01-01,1720.501423
LKR,2022-01-01,230.751407
LRD,2022-01-01,165.028274
LSL,2022-01-01,18.137903
LTL,2022-01-01,3.357695
LVL,2022-01-01,0.687848
LYD,2022-01-01,5.23515
MAD,2022-01-01,10.553142
MDL,2022-01-01,20.240156
MGA,2022-01-01,4508.782
MKD,2022-01-01,61.922417
MMK,2022-01-01,2022.309337
MNT,2022-01-01,3250.399028
MOP,2022-01-01,9.136089
MRO,2022-01-01,405.960721
MUR,2022-01-01,49.57634
MVR,2022-01-01,17.516294
MWK,2022-01-01,925.636767
MXN,2022-01-01,23.308415
MYR,2022-01-01,4.749292
MZN,2022-01-01,72.584422
NAD,2022-01-01,18.137898
NGN,2022-01-01,468.447486
NIO,2022-01-01,40.259183
NOK,2022-01-01,10.027286
NPR,2022-01-01,135.313403
NZD,2022-01-01,1.6620089999999998
OMR,2022-01-01,0.43779599999999996
PAB,2022-01-01,1.137387
PEN,2022-01-01,4.536646
PGK,2022-01-01,4.008481
PHP,2022-01-01,57.994806
PKR,2022-01-01,202.696598
PLN,2022-01-01,4.5887270000000004
PYG,2022-01-01,7825.297573
QAR,2022-01-01,4.14039
RON,2022-01-01,4.947838
RSD,2022-01-01,117.564035
RUB,2022-01-01,85.04893
RWF,2022-01-01,1154.202605
SAR,2022-01-01,4.269042
SBD,2022-01-01,9.203967
SCR,2022-01-01,15.472979
SDG,2022-01-01,497.505305
SEK,2022-01-01,10.291223
SGD,2022-01-01,1.533612
SHP,2022-01-01,1.566309
SLL,2022-01-01,12798.57213
SOS,2022-01-01,664.093312
SRD,2022-01-01,23.661765
STD,2022-01-01,23536.614386
SVC,2022-01-01,9.952132
SYP,2022-01-01,2857.069671
SZL,2022-01-01,18.13789
THB,2022-01-01,37.747586
TJS,2022-01-01,12.851765
TMT,2022-01-01,3.99138
TND,2022-01-01,3.270207
TOP,2022-01-01,2.5865549999999997
TRY,2022-01-01,15.148032
TTD,2022-01-01,7.725487
TWD,2022-01-01,31.518378
TZS,2022-01-01,2622.257729
UAH,2022-01-01,31.030458
UGX,2022-01-01,4031.995186
USD,2022-01-01,1.137145
UYU,2022-01-01,50.746114
UZS,2022-01-01,12303.913866
VEF,2022-01-01,243156058810.96985
VND,2022-01-01,25989.458662
VUV,2022-01-01,128.784736
WST,2022-01-01,2.956773
XAF,2022-01-01,659.089986
XAG,2022-01-01,0.048844
XAU,2022-01-01,0.0006219999999999999
XCD,2022-01-01,3.073193
XDR,2022-01-01,0.8126629999999999
XOF,2022-01-01,658.979869
XPF,2022-01-01,120.367257
YER,2022-01-01,284.571056
ZAR,2022-01-01,18.138658
ZMK,2022-01-01,10235.677475
ZMW,2022-01-01,18.94874
ZWL,2022-01-01,366.160363
AED,2021-12-01,4.157655
AFN,2021-12-01,108.561553
ALL,2021-12-01,121.058642
AMD,2021-12-01,552.354301
ANG,2021-12-01,2.039381
AOA,2021-12-01,639.693138
ARS,2021-12-01,114.279277
AUD,2021-12-01,1.592369
AWG,2021-12-01,2.038021
AZN,2021-12-01,1.920179
BAM,2021-12-01,1.954828
BBD,2021-12-01,2.284728
BDT,2021-12-01,97.060001
BGN,2021-12-01,1.9557700000000002
BHD,2021-12-01,0.42677699999999996
BIF,2021-12-01,2258.179534
BMD,2021-12-01,1.13192
BND,2021-12-01,1.5423499999999999
BOB,2021-12-01,7.8019680000000005
BRL,2021-12-01,6.446999
BSD,2021-12-01,1.13152
BTC,2021-12-01,1.977555e-05
BTN,2021-12-01,84.707808
BWP,2021-12-01,13.211517
BYN,2021-12-01,2.879124
BYR,2021-12-01,22185.62349
BZD,2021-12-01,2.280851
CAD,2021-12-01,1.4500739999999999
CDF,2021-12-01,2267.234996
CHF,2021-12-01,1.042028
CLF,2021-12-01,0.034420000000000006
CLP,2021-12-01,949.748095
CNY,2021-12-01,7.208401
COP,2021-12-01,4489.826873
CRC,2021-12-01,710.60561
CUC,2021-12-01,1.13192
CUP,2021-12-01,29.995868
CVE,2021-12-01,111.150481
CZK,2021-12-01,25.477695
DJF,2021-12-01,201.164808
DKK,2021-12-01,7.436474
DOP,2021-12-01,63.950707
DZD,2021-12-01,157.417226
EGP,2021-12-01,17.784266
ERN,2021-12-01,16.979145
ETB,2021-12-01,53.482989
EUR,2021-12-01,1.0
FJD,2021-12-01,2.413027
FKP,2021-12-01,0.8437709999999999
GBP,2021-12-01,0.852413
GEL,2021-12-01,3.537219
GGP,2021-12-01,0.8437709999999999
GHS,2021-12-01,6.938601
GIP,2021-12-01,0.8437709999999999
GMD,2021-12-01,59.310479
GNF,2021-12-01,10555.150283
GTQ,2021-12-01,8.754188
GYD,2021-12-01,236.630749
HKD,2021-12-01,8.821836
HNL,2021-12-01,27.33562
HRK,2021-12-01,7.51866
HTG,2021-12-01,111.875114
HUF,2021-12-01,362.802715
IDR,2021-12-01,16277.456124
ILS,2021-12-01,3.568874
IMP,2021-12-01,0.8437709999999999
INR,2021-12-01,84.914511
IQD,2021-12-01,1653.734486
IRR,2021-12-01,47851.899854
ISK,2021-12-01,146.594832
JEP,2021-12-01,0.8437709999999999
JMD,2021-12-01,175.934669
JOD,2021-12-01,0.8025439999999999
JPY,2021-12-01,127.773318
KES,2021-12-01,127.338989
KGS,2021-12-01,95.983273
KHR,2021-12-01,4606.343312
KMF,2021-12-01,493.941444
KPW,2021-12-01,1018.728006
KRW,2021-12-01,1332.49801
KWD,2021-12-01,0.342296
KYD,2021-12-01,0.9429369999999999
KZT,2021-12-01,493.636869
LAK,2021-12-01,12292.646648
LBP,2021-12-01,1712.742111
LKR,2021-12-01,228.576147
LRD,2021-12-01,160.789389
LSL,2021-12-01,18.110726
LTL,2021-12-01,3.342264
LVL,2021-12-01,0.684686
LYD,2021-12-01,5.201158
MAD,2021-12-01,10.44479
MDL,2021-12-01,20.030629
MGA,2021-12-01,4516.358972
MKD,2021-12-01,61.630793
MMK,2021-12-01,2019.843283
MNT,2021-12-01,3235.27357
MOP,2021-12-01,9.083863
MRO,2021-12-01,404.09509
MUR,2021-12-01,49.466048
MVR,2021-12-01,17.488348
MWK,2021-12-01,924.214155
MXN,2021-12-01,24.314611
MYR,2021-12-01,4.776585
MZN,2021-12-01,72.250015
NAD,2021-12-01,18.111362
NGN,2021-12-01,463.984905
NIO,2021-12-01,39.871849
NOK,2021-12-01,10.296591
NPR,2021-12-01,135.532093
NZD,2021-12-01,1.6613129999999998
OMR,2021-12-01,0.435807
PAB,2021-12-01,1.13152
PEN,2021-12-01,4.607475
PGK,2021-12-01,4.0013
PHP,2021-12-01,57.156282
PKR,2021-12-01,198.5104
PLN,2021-12-01,4.625019
PYG,2021-12-01,7742.834784
QAR,2021-12-01,4.121362
RON,2021-12-01,4.949769
RSD,2021-12-01,117.640422
RUB,2021-12-01,84.080121
RWF,2021-12-01,1137.579164
SAR,2021-12-01,4.246043
SBD,2021-12-01,9.150576
SCR,2021-12-01,15.318776
SDG,2021-12-01,495.209449
SEK,2021-12-01,10.288694
SGD,2021-12-01,1.5451489999999999
SHP,2021-12-01,1.559107
SLL,2021-12-01,12589.775179
SOS,2021-12-01,661.041428
SRD,2021-12-01,24.355532
STD,2021-12-01,23428.449675
SVC,2021-12-01,9.90101
SYP,2021-12-01,1422.577899
SZL,2021-12-01,17.874034
THB,2021-12-01,38.191307
TJS,2021-12-01,12.775049
TMT,2021-12-01,3.961718
TND,2021-12-01,3.262758
TOP,2021-12-01,2.58587
TRY,2021-12-01,15.151081
TTD,2021-12-01,7.669067
TWD,2021-12-01,31.263054
TZS,2021-12-01,2603.41526
UAH,2021-12-01,30.877067
UGX,2021-12-01,4033.93145
USD,2021-12-01,1.13192
UYU,2021-12-01,49.80578
UZS,2021-12-01,12207.752565
VEF,2021-12-01,242038612422.89972
VND,2021-12-01,25711.552937
VUV,2021-12-01,126.004843
WST,2021-12-01,2.901835
XAF,2021-12-01,655.643963
XAG,2021-12-01,0.050578
XAU,2021-12-01,0.0006349999999999999
XCD,2021-12-01,3.059069
XDR,2021-12-01,0.8078139999999999
XOF,2021-12-01,656.513238
XPF,2021-12-01,119.526877
YER,2021-12-01,283.263029
ZAR,2021-12-01,18.140823
ZMK,2021-12-01,10188.631989
ZMW,2021-12-01,20.169657
ZWL,2021-12-01,364.477638
AED,2021-11-01,4.260743
AFN,2021-11-01,105.433948
ALL,2021-11-01,123.013285
AMD,2021-11-01,554.089636
ANG,2021-11-01,2.09005
AOA,2021-11-01,692.492323
ARS,2021-11-01,115.746067
AUD,2021-11-01,1.542493
AWG,2021-11-01,2.087918
AZN,2021-11-01,1.9575339999999999
BAM,2021-11-01,1.960003
BBD,2021-11-01,2.323547
BDT,2021-11-01,99.360034
BGN,2021-11-01,1.955234
BHD,2021-11-01,0.43731699999999996
BIF,2021-11-01,2314.109225
BMD,2021-11-01,1.159954
BND,2021-11-01,1.56413
BOB,2021-11-01,8.001635
BRL,2021-11-01,6.588777
BSD,2021-11-01,1.159669
BTC,2021-11-01,1.900537e-05
BTN,2021-11-01,86.881968
BWP,2021-11-01,13.276064
BYN,2021-11-01,2.829223
BYR,2021-11-01,22735.108176
BZD,2021-11-01,2.32515
CAD,2021-11-01,1.435572
CDF,2021-11-01,2336.148549
CHF,2021-11-01,1.054956
CLF,2021-11-01,0.034141
CLP,2021-11-01,942.057082
CNY,2021-11-01,7.421038
COP,2021-11-01,4361.428915
CRC,2021-11-01,739.544462
CUC,2021-11-01,1.159954
CUP,2021-11-01,30.738794
CVE,2021-11-01,111.002413
CZK,2021-11-01,25.581407
DJF,2021-11-01,206.146736
DKK,2021-11-01,7.44053
DOP,2021-11-01,65.419575
DZD,2021-11-01,159.422956
EGP,2021-11-01,18.254234
ERN,2021-11-01,17.400755
ETB,2021-11-01,54.808179
EUR,2021-11-01,1.0
FJD,2021-11-01,2.398666
FKP,2021-11-01,0.8505039999999999
GBP,2021-11-01,0.8494100000000001
GEL,2021-11-01,3.671287
GGP,2021-11-01,0.8505039999999999
GHS,2021-11-01,7.01195
GIP,2021-11-01,0.8505039999999999
GMD,2021-11-01,60.317687
GNF,2021-11-01,11164.562018
GTQ,2021-11-01,8.975809
GYD,2021-11-01,242.766841
HKD,2021-11-01,9.027798
HNL,2021-11-01,28.02475
HRK,2021-11-01,7.528061
HTG,2021-11-01,113.849381
HUF,2021-11-01,360.617844
IDR,2021-11-01,16560.264395
ILS,2021-11-01,3.61616
IMP,2021-11-01,0.8505039999999999
INR,2021-11-01,86.799685
IQD,2021-11-01,1693.533568
IRR,2021-11-01,49002.277439
ISK,2021-11-01,150.422412
JEP,2021-11-01,0.8505039999999999
JMD,2021-11-01,179.289701
JOD,2021-11-01,0.8223929999999999
JPY,2021-11-01,132.349677
KES,2021-11-01,129.093518
KGS,2021-11-01,98.355091
KHR,2021-11-01,4715.215599
KMF,2021-11-01,493.325388
KPW,2021-11-01,1043.958701
KRW,2021-11-01,1365.939174
KWD,2021-11-01,0.350016
KYD,2021-11-01,0.9663569999999999
KZT,2021-11-01,495.99022
LAK,2021-11-01,11959.131112
LBP,2021-11-01,1767.724923
LKR,2021-11-01,234.252114
LRD,2021-11-01,174.138157
LSL,2021-11-01,17.109335
LTL,2021-11-01,3.4250439999999998
LVL,2021-11-01,0.701645
LYD,2021-11-01,5.289405
MAD,2021-11-01,10.526583
MDL,2021-11-01,20.2445
MGA,2021-11-01,4593.42015
MKD,2021-11-01,61.616428
MMK,2021-11-01,2094.952535
MNT,2021-11-01,3306.942638
MOP,2021-11-01,9.296191
MRO,2021-11-01,414.103557
MUR,2021-11-01,49.947617
MVR,2021-11-01,17.921163
MWK,2021-11-01,946.522992
MXN,2021-11-01,24.191778
MYR,2021-11-01,4.815552
MZN,2021-11-01,74.039799
NAD,2021-11-01,17.109133
NGN,2021-11-01,475.930116
NIO,2021-11-01,40.853754
NOK,2021-11-01,9.77148
NPR,2021-11-01,139.010949
NZD,2021-11-01,1.616031
OMR,2021-11-01,0.44658699999999996
PAB,2021-11-01,1.159669
PEN,2021-11-01,4.632898
PGK,2021-11-01,4.094437
PHP,2021-11-01,58.769114
PKR,2021-11-01,198.874141
PLN,2021-11-01,4.617855
PYG,2021-11-01,8005.743923
QAR,2021-11-01,4.223404
RON,2021-11-01,4.949178
RSD,2021-11-01,117.840879
RUB,2021-11-01,83.074826
RWF,2021-11-01,1159.954499
SAR,2021-11-01,4.351142
SBD,2021-11-01,9.30948
SCR,2021-11-01,17.091235
SDG,2021-11-01,510.958285
SEK,2021-11-01,9.88308
SGD,2021-11-01,1.5639889999999999
SHP,2021-11-01,1.59772
SLL,2021-11-01,12614.505203
SOS,2021-11-01,679.733266
SRD,2021-11-01,24.943638
STD,2021-11-01,24008.716186
SVC,2021-11-01,10.147604
SYP,2021-11-01,1458.030354
SZL,2021-11-01,17.109256
THB,2021-11-01,38.626842
TJS,2021-11-01,13.023138
TMT,2021-11-01,4.059841
TND,2021-11-01,3.262367
TOP,2021-11-01,2.59476
TRY,2021-11-01,11.072466
TTD,2021-11-01,7.872059
TWD,2021-11-01,32.267263
TZS,2021-11-01,2671.374739
UAH,2021-11-01,30.507249
UGX,2021-11-01,4124.917352
USD,2021-11-01,1.159954
UYU,2021-11-01,50.990557
UZS,2021-11-01,12411.513496
VEF,2021-11-01,248033328379.74765
VND,2021-11-01,26394.76462
VUV,2021-11-01,130.258753
WST,2021-11-01,2.989195
XAF,2021-11-01,657.356487
XAG,2021-11-01,0.048292999999999996
XAU,2021-11-01,0.000647
XCD,2021-11-01,3.134835
XDR,2021-11-01,0.819344
XOF,2021-11-01,651.314019
XPF,2021-11-01,119.997517
YER,2021-11-01,290.278814
ZAR,2021-11-01,17.894664
ZMK,2021-11-01,10440.980429
ZMW,2021-11-01,20.068024
ZWL,2021-11-01,373.504875
AED,2021-10-01,4.259261
AFN,2021-10-01,103.784283
ALL,2021-10-01,121.927067
AMD,2021-10-01,562.752891
ANG,2021-10-01,2.080902
AOA,2021-10-01,694.570404
ARS,2021-10-01,114.456461
AUD,2021-10-01,1.5977190000000001
AWG,2021-10-01,2.087189
AZN,2021-10-01,1.9758369999999998
BAM,2021-10-01,1.957593
BBD,2021-10-01,2.340707
BDT,2021-10-01,99.305102
BGN,2021-10-01,1.955795
BHD,2021-10-01,0.43718799999999997
BIF,2021-10-01,2314.460225
BMD,2021-10-01,1.159549
BND,2021-10-01,1.574363
BOB,2021-10-01,8.004933
BRL,2021-10-01,6.222262
BSD,2021-10-01,1.159294
BTC,2021-10-01,2.4086812000000004e-05
BTN,2021-10-01,85.95474
BWP,2021-10-01,13.107151
BYN,2021-10-01,2.914525
BYR,2021-10-01,22727.164537
BZD,2021-10-01,2.336824
CAD,2021-10-01,1.466807
CDF,2021-10-01,2321.41794
CHF,2021-10-01,1.078999
CLF,2021-10-01,0.033756
CLP,2021-10-01,931.419958
CNY,2021-10-01,7.475271
COP,2021-10-01,4394.69151
CRC,2021-10-01,725.728507
CUC,2021-10-01,1.159549
CUP,2021-10-01,30.728054
CVE,2021-10-01,110.679429
CZK,2021-10-01,25.320849
DJF,2021-10-01,206.075542
DKK,2021-10-01,7.43794
DOP,2021-10-01,65.457009
DZD,2021-10-01,159.26454
EGP,2021-10-01,18.228516
ERN,2021-10-01,17.398983
ETB,2021-10-01,53.575668
EUR,2021-10-01,1.0
FJD,2021-10-01,2.458829
FKP,2021-10-01,0.8377509999999999
GBP,2021-10-01,0.8560089999999999
GEL,2021-10-01,3.606651
GGP,2021-10-01,0.8377509999999999
GHS,2021-10-01,7.015725
GIP,2021-10-01,0.8377509999999999
GMD,2021-10-01,59.775214
GNF,2021-10-01,11328.796205
GTQ,2021-10-01,8.97177
GYD,2021-10-01,242.537955
HKD,2021-10-01,9.027149
HNL,2021-10-01,28.03835
HRK,2021-10-01,7.500085
HTG,2021-10-01,114.190893
HUF,2021-10-01,357.779359
IDR,2021-10-01,16549.028363
ILS,2021-10-01,3.732478
IMP,2021-10-01,0.8377509999999999
INR,2021-10-01,85.974822
IQD,2021-10-01,1692.362074
IRR,2021-10-01,48921.381625
ISK,2021-10-01,150.336003
JEP,2021-10-01,0.8377509999999999
JMD,2021-10-01,169.656929
JOD,2021-10-01,0.822166
JPY,2021-10-01,128.798673
KES,2021-10-01,128.134598
KGS,2021-10-01,98.327807
KHR,2021-10-01,4748.354426
KMF,2021-10-01,492.403018
KPW,2021-10-01,1043.594307
KRW,2021-10-01,1371.306533
KWD,2021-10-01,0.349547
KYD,2021-10-01,0.9661369999999999
KZT,2021-10-01,494.68548
LAK,2021-10-01,11601.290262
LBP,2021-10-01,1770.63205
LKR,2021-10-01,231.568947
LRD,2021-10-01,198.283319
LSL,2021-10-01,17.544422
LTL,2021-10-01,3.423848
LVL,2021-10-01,0.7014
LYD,2021-10-01,5.287986
MAD,2021-10-01,10.511898
MDL,2021-10-01,20.363738
MGA,2021-10-01,4580.219786
MKD,2021-10-01,61.670536
MMK,2021-10-01,2169.62117
MNT,2021-10-01,3292.235935
MOP,2021-10-01,9.296551000000001
MRO,2021-10-01,413.958869
MUR,2021-10-01,49.508685
MVR,2021-10-01,17.915474
MWK,2021-10-01,945.033007
MXN,2021-10-01,23.71383
MYR,2021-10-01,4.854457
MZN,2021-10-01,74.014464
NAD,2021-10-01,17.544417
NGN,2021-10-01,476.308467
NIO,2021-10-01,40.874547
NOK,2021-10-01,9.995489
NPR,2021-10-01,137.527103
NZD,2021-10-01,1.668369
OMR,2021-10-01,0.446471
PAB,2021-10-01,1.159294
PEN,2021-10-01,4.798799
PGK,2021-10-01,4.099051
PHP,2021-10-01,58.836438
PKR,2021-10-01,197.993462
PLN,2021-10-01,4.58051
PYG,2021-10-01,8007.534812
QAR,2021-10-01,4.221963
RON,2021-10-01,4.945946
RSD,2021-10-01,117.68598
RUB,2021-10-01,84.267461
RWF,2021-10-01,1156.650338
SAR,2021-10-01,4.349207
SBD,2021-10-01,9.347472
SCR,2021-10-01,15.647941
SDG,2021-10-01,511.361596
SEK,2021-10-01,10.159716
SGD,2021-10-01,1.5747550000000001
SHP,2021-10-01,1.597168
SLL,2021-10-01,12273.828792
SOS,2021-10-01,678.336681
SRD,2021-10-01,24.894946
STD,2021-10-01,24000.327549
SVC,2021-10-01,10.143785
SYP,2021-10-01,1458.061495
SZL,2021-10-01,17.544408
THB,2021-10-01,39.139468
TJS,2021-10-01,13.135229
TMT,2021-10-01,4.058422
TND,2021-10-01,3.284428
TOP,2021-10-01,2.632761
TRY,2021-10-01,10.274809
TTD,2021-10-01,7.874652
TWD,2021-10-01,32.201108
TZS,2021-10-01,2672.761321
UAH,2021-10-01,30.874403
UGX,2021-10-01,4103.818662
USD,2021-10-01,1.159549
UYU,2021-10-01,49.734071
UZS,2021-10-01,12407.176947
VEF,2021-10-01,247946665618.82202
VND,2021-10-01,26389.020946
VUV,2021-10-01,129.442487
WST,2021-10-01,2.968816
XAF,2021-10-01,656.525575
XAG,2021-10-01,0.051455
XAU,2021-10-01,0.000659
XCD,2021-10-01,3.13374
XDR,2021-10-01,0.822813
XOF,2021-10-01,649.931509
XPF,2021-10-01,119.955788
YER,2021-10-01,290.177612
ZAR,2021-10-01,17.234531
ZMK,2021-10-01,10437.338525
ZMW,2021-10-01,19.418217
ZWL,2021-10-01,373.374373
AED,2021-09-01,4.349054
AFN,2021-09-01,105.179527
ALL,2021-09-01,122.110488
AMD,2021-09-01,584.420692
ANG,2021-09-01,2.125301
AOA,2021-09-01,750.616678
ARS,2021-09-01,115.676049
AUD,2021-09-01,1.60702
AWG,2021-09-01,2.131785
AZN,2021-09-01,2.012283
BAM,2021-09-01,1.959207
BBD,2021-09-01,2.39065
BDT,2021-09-01,100.880289
BGN,2021-09-01,1.954358
BHD,2021-09-01,0.446389
BIF,2021-09-01,2350.081487
BMD,2021-09-01,1.183996
BND,2021-09-01,1.594622
BOB,2021-09-01,8.175755
BRL,2021-09-01,6.140321
BSD,2021-09-01,1.1840060000000001
BTC,2021-09-01,2.4228550000000004e-05
BTN,2021-09-01,86.510762
BWP,2021-09-01,13.054582
BYN,2021-09-01,2.961505
BYR,2021-09-01,23206.319935
BZD,2021-09-01,2.386643
CAD,2021-09-01,1.494256
CDF,2021-09-01,2364.440081
CHF,2021-09-01,1.084072
CLF,2021-09-01,0.033096
CLP,2021-09-01,913.228022
CNY,2021-09-01,7.6485
COP,2021-09-01,4451.824641
CRC,2021-09-01,736.838345
CUC,2021-09-01,1.183996
CUP,2021-09-01,31.375892
CVE,2021-09-01,110.455398
CZK,2021-09-01,25.351603
DJF,2021-09-01,210.419885
DKK,2021-09-01,7.435672
DOP,2021-09-01,67.32406
DZD,2021-09-01,160.565284
EGP,2021-09-01,18.594915
ERN,2021-09-01,17.765637
ETB,2021-09-01,53.885686
EUR,2021-09-01,1.0
FJD,2021-09-01,2.467744
FKP,2021-09-01,0.855559
GBP,2021-09-01,0.8597349999999999
GEL,2021-09-01,3.6941889999999997
GGP,2021-09-01,0.855559
GHS,2021-09-01,7.157759
GIP,2021-09-01,0.855559
GMD,2021-09-01,60.597102
GNF,2021-09-01,11592.177852
GTQ,2021-09-01,9.161421
GYD,2021-09-01,247.722828
HKD,2021-09-01,9.207996
HNL,2021-09-01,28.269894999999998
HRK,2021-09-01,7.48984
HTG,2021-09-01,115.555774
HUF,2021-09-01,347.893112
IDR,2021-09-01,16911.013655
ILS,2021-09-01,3.796542
IMP,2021-09-01,0.855559
INR,2021-09-01,86.414357
IQD,2021-09-01,1727.518632
IRR,2021-09-01,49952.787874
ISK,2021-09-01,149.988926
JEP,2021-09-01,0.855559
JMD,2021-09-01,179.251958
JOD,2021-09-01,0.839426
JPY,2021-09-01,130.352016
KES,2021-09-01,130.12055
KGS,2021-09-01,100.291397
KHR,2021-09-01,4830.845576
KMF,2021-09-01,496.094938
KPW,2021-09-01,1065.596523
KRW,2021-09-01,1368.82358
KWD,2021-09-01,0.35591
KYD,2021-09-01,0.986684
KZT,2021-09-01,504.705725
LAK,2021-09-01,11346.66717
LBP,2021-09-01,1790.556228
LKR,2021-09-01,236.216188
LRD,2021-09-01,203.470039
LSL,2021-09-01,17.665596
LTL,2021-09-01,3.496032
LVL,2021-09-01,0.7161879999999999
LYD,2021-09-01,5.345757
MAD,2021-09-01,10.592546
MDL,2021-09-01,20.993387
MGA,2021-09-01,4643.215318
MKD,2021-09-01,61.52641
MMK,2021-09-01,1948.931553
MNT,2021-09-01,3375.455308
MOP,2021-09-01,9.48529
MRO,2021-09-01,422.686338
MUR,2021-09-01,50.142198
MVR,2021-09-01,18.292264
MWK,2021-09-01,962.032867
MXN,2021-09-01,23.681343
MYR,2021-09-01,4.918081
MZN,2021-09-01,75.497489
NAD,2021-09-01,17.665497
NGN,2021-09-01,487.209379
NIO,2021-09-01,41.57744
NOK,2021-09-01,10.293815
NPR,2021-09-01,138.417259
NZD,2021-09-01,1.675484
OMR,2021-09-01,0.455734
PAB,2021-09-01,1.1840060000000001
PEN,2021-09-01,4.843066
PGK,2021-09-01,4.157396
PHP,2021-09-01,59.131153
PKR,2021-09-01,197.882858
PLN,2021-09-01,4.508597
PYG,2021-09-01,8189.474533
QAR,2021-09-01,4.310958
RON,2021-09-01,4.934542
RSD,2021-09-01,117.783029
RUB,2021-09-01,86.444843
RWF,2021-09-01,1194.864328
SAR,2021-09-01,4.440797
SBD,2021-09-01,9.540716
SCR,2021-09-01,15.591337
SDG,2021-09-01,525.101421
SEK,2021-09-01,10.20064
SGD,2021-09-01,1.591764
SHP,2021-09-01,1.630838
SLL,2021-09-01,12224.757575
SOS,2021-09-01,692.637586
SRD,2021-09-01,25.231151
STD,2021-09-01,24506.324964
SVC,2021-09-01,10.360553
SYP,2021-09-01,1488.962446
SZL,2021-09-01,17.080738
THB,2021-09-01,38.231775
TJS,2021-09-01,13.421221
TMT,2021-09-01,4.155826
TND,2021-09-01,3.302758
TOP,2021-09-01,2.669431
TRY,2021-09-01,9.824034
TTD,2021-09-01,8.046733
TWD,2021-09-01,32.780823
TZS,2021-09-01,2745.686892
UAH,2021-09-01,31.991545
UGX,2021-09-01,4185.544137
USD,2021-09-01,1.183996
UYU,2021-09-01,50.262792
UZS,2021-09-01,12633.820866
VEF,2021-09-01,253174109765.11218
VND,2021-09-01,26953.667006
VUV,2021-09-01,131.289667
WST,2021-09-01,3.031934
XAF,2021-09-01,657.078541
XAG,2021-09-01,0.049009
XAU,2021-09-01,0.0006529999999999999
XCD,2021-09-01,3.199808
XDR,2021-09-01,0.8313189999999999
XOF,2021-09-01,657.100778
XPF,2021-09-01,120.625362
YER,2021-09-01,297.005568
ZAR,2021-09-01,17.05238
ZMK,2021-09-01,10657.389467
ZMW,2021-09-01,19.003837
ZWL,2021-09-01,381.246202
AED,2021-08-01,4.357641
AFN,2021-08-01,94.696011
ALL,2021-08-01,121.539838
AMD,2021-08-01,576.876151
ANG,2021-08-01,2.129464
AOA,2021-08-01,757.662104
ARS,2021-08-01,114.785652
AUD,2021-08-01,1.61612
AWG,2021-08-01,2.135523
AZN,2021-08-01,2.016249
BAM,2021-08-01,1.9495719999999999
BBD,2021-08-01,2.395311
BDT,2021-08-01,100.718677
BGN,2021-08-01,1.957104
BHD,2021-08-01,0.447387
BIF,2021-08-01,2351.291986
BMD,2021-08-01,1.186401
BND,2021-08-01,1.605147
BOB,2021-08-01,8.191504
BRL,2021-08-01,6.179844
BSD,2021-08-01,1.186292
BTC,2021-08-01,2.9624011000000003e-05
BTN,2021-08-01,88.16079
BWP,2021-08-01,13.065358
BYN,2021-08-01,2.959898
BYR,2021-08-01,23253.468741
BZD,2021-08-01,2.391224
CAD,2021-08-01,1.479366
CDF,2021-08-01,2373.989633
CHF,2021-08-01,1.074855
CLF,2021-08-01,0.032533
CLP,2021-08-01,897.690464
CNY,2021-08-01,7.665933
COP,2021-08-01,4600.864887
CRC,2021-08-01,735.259702
CUC,2021-08-01,1.186401
CUP,2021-08-01,31.439639
CVE,2021-08-01,109.912165
CZK,2021-08-01,25.525309
DJF,2021-08-01,210.847409
DKK,2021-08-01,7.438227
DOP,2021-08-01,67.64385300000001
DZD,2021-08-01,159.801156
EGP,2021-08-01,18.643023
ERN,2021-08-01,17.801064
ETB,2021-08-01,52.558579
EUR,2021-08-01,1.0
FJD,2021-08-01,2.472758
FKP,2021-08-01,0.8574849999999999
GBP,2021-08-01,0.8539129999999999
GEL,2021-08-01,3.660059
GGP,2021-08-01,0.8574849999999999
GHS,2021-08-01,7.094226
GIP,2021-08-01,0.8574849999999999
GMD,2021-08-01,60.68508
GNF,2021-08-01,11584.412231
GTQ,2021-08-01,9.193986
GYD,2021-08-01,247.754669
HKD,2021-08-01,9.221128
HNL,2021-08-01,28.145648
HRK,2021-08-01,7.498651
HTG,2021-08-01,113.837564
HUF,2021-08-01,358.376075
IDR,2021-08-01,17158.924408
ILS,2021-08-01,3.828849
IMP,2021-08-01,0.8574849999999999
INR,2021-08-01,88.24377
IQD,2021-08-01,1730.843722
IRR,2021-08-01,49953.433701
ISK,2021-08-01,146.805385
JEP,2021-08-01,0.8574849999999999
JMD,2021-08-01,183.974413
JOD,2021-08-01,0.841185
JPY,2021-08-01,130.167262
KES,2021-08-01,128.831328
KGS,2021-08-01,100.55761
KHR,2021-08-01,4829.496563
KMF,2021-08-01,493.542568
KPW,2021-08-01,1067.761327
KRW,2021-08-01,1366.650922
KWD,2021-08-01,0.35645499999999997
KYD,2021-08-01,0.988626
KZT,2021-08-01,504.829419
LAK,2021-08-01,11325.842281
LBP,2021-08-01,1793.741809
LKR,2021-08-01,236.671149
LRD,2021-08-01,203.645786
LSL,2021-08-01,17.606257
LTL,2021-08-01,3.503135
LVL,2021-08-01,0.7176429999999999
LYD,2021-08-01,5.34853
MAD,2021-08-01,10.553522
MDL,2021-08-01,21.235132
MGA,2021-08-01,4527.017568
MKD,2021-08-01,61.333111
MMK,2021-08-01,1952.685675
MNT,2021-08-01,3379.007301
MOP,2021-08-01,9.499007
MRO,2021-08-01,423.545119
MUR,2021-08-01,50.374504
MVR,2021-08-01,18.330286
MWK,2021-08-01,963.898735
MXN,2021-08-01,23.588625
MYR,2021-08-01,5.008397
MZN,2021-08-01,75.49068
NAD,2021-08-01,17.606798
NGN,2021-08-01,488.168556
NIO,2021-08-01,41.657274
NOK,2021-08-01,10.475782
NPR,2021-08-01,141.057184
NZD,2021-08-01,1.701401
OMR,2021-08-01,0.45692499999999997
PAB,2021-08-01,1.186391
PEN,2021-08-01,4.655854
PGK,2021-08-01,4.165428
PHP,2021-08-01,59.272493
PKR,2021-08-01,192.895874
PLN,2021-08-01,4.567112
PYG,2021-08-01,8193.298236
QAR,2021-08-01,4.319703
RON,2021-08-01,4.914785
RSD,2021-08-01,117.198774
RUB,2021-08-01,86.752994
RWF,2021-08-01,1195.103531
SAR,2021-08-01,4.449594
SBD,2021-08-01,9.564023
SCR,2021-08-01,17.056114
SDG,2021-08-01,529.728821
SEK,2021-08-01,10.203648
SGD,2021-08-01,1.607265
SHP,2021-08-01,0.8574849999999999
SLL,2021-08-01,12166.546827
SOS,2021-08-01,694.045259
SRD,2021-08-01,25.394918
STD,2021-08-01,24439.661439
SVC,2021-08-01,10.380676
SYP,2021-08-01,1491.740562
SZL,2021-08-01,17.279331
THB,2021-08-01,39.068082
TJS,2021-08-01,13.529967
TMT,2021-08-01,4.164269
TND,2021-08-01,3.310651
TOP,2021-08-01,2.6767000000000003
TRY,2021-08-01,10.017959
TTD,2021-08-01,8.059627
TWD,2021-08-01,33.14034
TZS,2021-08-01,2751.078697
UAH,2021-08-01,31.831217
UGX,2021-08-01,4214.969292
USD,2021-08-01,1.186401
UYU,2021-08-01,51.967177
UZS,2021-08-01,12625.350657
VEF,2021-08-01,253688489340.86246
VND,2021-08-01,27233.845661
VUV,2021-08-01,130.644988
WST,2021-08-01,3.027288
XAF,2021-08-01,653.858014
XAG,2021-08-01,0.046513
XAU,2021-08-01,0.000654
XCD,2021-08-01,3.206309
XDR,2021-08-01,0.831032
XOF,2021-08-01,653.858014
XPF,2021-08-01,120.360693
YER,2021-08-01,296.720676
ZAR,2021-08-01,17.338904
ZMK,2021-08-01,10679.038412
ZMW,2021-08-01,22.818948
ZWL,2021-08-01,382.021555
AED,2021-07-01,4.351198
AFN,2021-07-01,94.115072
ALL,2021-07-01,122.455985
AMD,2021-07-01,587.362334
ANG,2021-07-01,2.126474
AOA,2021-07-01,764.167814
ARS,2021-07-01,113.4432
AUD,2021-07-01,1.5868449999999998
AWG,2021-07-01,2.132244
AZN,2021-07-01,2.015229
BAM,2021-07-01,1.952542
BBD,2021-07-01,2.391921
BDT,2021-07-01,100.404186
BGN,2021-07-01,1.9558719999999998
BHD,2021-07-01,0.44658899999999996
BIF,2021-07-01,2353.76046
BMD,2021-07-01,1.18458
BND,2021-07-01,1.59508
BOB,2021-07-01,8.185841
BRL,2021-07-01,5.980327
BSD,2021-07-01,1.18468
BTC,2021-07-01,3.5292107000000006e-05
BTN,2021-07-01,88.321989
BWP,2021-07-01,12.932846
BYN,2021-07-01,2.997988
BYR,2021-07-01,23217.767999
BZD,2021-07-01,2.387928
CAD,2021-07-01,1.4737179999999999
CDF,2021-07-01,2369.15983
CHF,2021-07-01,1.096836
CLF,2021-07-01,0.031790000000000006
CLP,2021-07-01,877.179086
CNY,2021-07-01,7.663161
COP,2021-07-01,4475.34324
CRC,2021-07-01,734.407654
CUC,2021-07-01,1.18458
CUP,2021-07-01,31.39137
CVE,2021-07-01,110.686937
CZK,2021-07-01,25.550028
DJF,2021-07-01,210.523201
DKK,2021-07-01,7.436071
DOP,2021-07-01,67.674991
DZD,2021-07-01,159.189815
EGP,2021-07-01,18.592
ERN,2021-07-01,17.771068
ETB,2021-07-01,51.766375
EUR,2021-07-01,1.0
FJD,2021-07-01,2.459721
FKP,2021-07-01,0.839681
GBP,2021-07-01,0.8608279999999999
GEL,2021-07-01,3.74919
GGP,2021-07-01,0.839681
GHS,2021-07-01,6.977384
GIP,2021-07-01,0.839681
GMD,2021-07-01,60.591252
GNF,2021-07-01,11674.035407
GTQ,2021-07-01,9.180944
GYD,2021-07-01,247.74753
HKD,2021-07-01,9.199572
HNL,2021-07-01,28.43022
HRK,2021-07-01,7.489741
HTG,2021-07-01,108.394161
HUF,2021-07-01,351.155689
IDR,2021-07-01,17308.964501
ILS,2021-07-01,3.872286
IMP,2021-07-01,0.839681
INR,2021-07-01,88.313398
IQD,2021-07-01,1730.07909
IRR,2021-07-01,49876.740695
ISK,2021-07-01,147.053279
JEP,2021-07-01,0.839681
JMD,2021-07-01,179.313227
JOD,2021-07-01,0.8398709999999999
JPY,2021-07-01,132.16537
KES,2021-07-01,127.808702
KGS,2021-07-01,100.42874
KHR,2021-07-01,4836.640326
KMF,2021-07-01,492.341075
KPW,2021-07-01,1066.122415
KRW,2021-07-01,1343.870428
KWD,2021-07-01,0.356854
KYD,2021-07-01,0.9872169999999999
KZT,2021-07-01,505.952955
LAK,2021-07-01,11247.587095
LBP,2021-07-01,1815.960719
LKR,2021-07-01,236.33569
LRD,2021-07-01,203.153386
LSL,2021-07-01,17.134974
LTL,2021-07-01,3.497757
LVL,2021-07-01,0.716541
LYD,2021-07-01,5.348386
MAD,2021-07-01,10.584813
MDL,2021-07-01,21.400327
MGA,2021-07-01,4643.553194
MKD,2021-07-01,61.593682
MMK,2021-07-01,1949.917312
MNT,2021-07-01,3371.312635
MOP,2021-07-01,9.474044
MRO,2021-07-01,422.894856
MUR,2021-07-01,50.521919
MVR,2021-07-01,18.248944
MWK,2021-07-01,953.587216
MXN,2021-07-01,23.708308
MYR,2021-07-01,4.926635
MZN,2021-07-01,75.22634
NAD,2021-07-01,17.134911
NGN,2021-07-01,486.862664
NIO,2021-07-01,41.638098
NOK,2021-07-01,10.222748
NPR,2021-07-01,141.315023
NZD,2021-07-01,1.701075
OMR,2021-07-01,0.45604799999999995
PAB,2021-07-01,1.18468
PEN,2021-07-01,4.583738
PGK,2021-07-01,4.163739
PHP,2021-07-01,58.292524
PKR,2021-07-01,187.406166
PLN,2021-07-01,4.515853
PYG,2021-07-01,7991.572405
QAR,2021-07-01,4.313099
RON,2021-07-01,4.926908
RSD,2021-07-01,117.403807
RUB,2021-07-01,87.05703
RWF,2021-07-01,1167.99588
SAR,2021-07-01,4.442869
SBD,2021-07-01,9.510917
SCR,2021-07-01,17.693834
SDG,2021-07-01,536.614704
SEK,2021-07-01,10.166563
SGD,2021-07-01,1.5987209999999998
SHP,2021-07-01,0.839681
SLL,2021-07-01,12147.867927
SOS,2021-07-01,692.979834
SRD,2021-07-01,24.716854
STD,2021-07-01,24175.496341
SVC,2021-07-01,10.366323
SYP,2021-07-01,1490.014116
SZL,2021-07-01,17.134973
THB,2021-07-01,38.013768
TJS,2021-07-01,13.510747
TMT,2021-07-01,4.157876
TND,2021-07-01,3.290729
TOP,2021-07-01,2.668325
TRY,2021-07-01,10.275669
TTD,2021-07-01,8.049074
TWD,2021-07-01,33.042853
TZS,2021-07-01,2747.17493
UAH,2021-07-01,32.444474
UGX,2021-07-01,4219.704367
USD,2021-07-01,1.18458
UYU,2021-07-01,51.514156
UZS,2021-07-01,12532.857114
VEF,2021-07-01,253299004763.35355
VND,2021-07-01,27260.147249
VUV,2021-07-01,128.456808
WST,2021-07-01,2.987479
XAF,2021-07-01,654.840336
XAG,2021-07-01,0.045549
XAU,2021-07-01,0.000667
XCD,2021-07-01,3.201386
XDR,2021-07-01,0.830584
XOF,2021-07-01,655.072646
XPF,2021-07-01,119.701682
YER,2021-07-01,296.441885
ZAR,2021-07-01,17.127771
ZMK,2021-07-01,10662.642998
ZMW,2021-07-01,26.838035
ZWL,2021-07-01,381.435152
